{
    "mae": 77973.11650064397,
    "rmse": 144127.10043485422,
    "r2_score": 0.8560178928403119
}
