{
    "mae": 75610.88888657422,
    "rmse": 145911.58083900626,
    "r2_score": 0.8524304504870348
}
