{
    "mae": 71278.30372868612,
    "rmse": 137571.65954419086,
    "r2_score": 0.8688177188746184
}
