{
    "mae": 76076.15812694606,
    "rmse": 141107.31581905475,
    "r2_score": 0.8606874900313325
}
