{
    "mae": 80181.96175574035,
    "rmse": 150085.8073748718,
    "r2_score": 0.8438663625182488
}
