{
    "mae": 71575.7765181304,
    "rmse": 137334.41385173262,
    "r2_score": 0.8692697828466596
}
