{
    "mae": 72168.48277715161,
    "rmse": 139303.74359042215,
    "r2_score": 0.8654936457924451
}
