{
    "mae": 78452.16769174693,
    "rmse": 145169.6380557777,
    "r2_score": 0.8539273816368469
}
