{
    "mae": 72447.87704166982,
    "rmse": 137942.8425626655,
    "r2_score": 0.8681088763091817
}
