{
    "mae": 82927.34827784533,
    "rmse": 149279.38070830985,
    "r2_score": 0.8440839926442492
}
