{
    "mae": 103374.08888242493,
    "rmse": 183170.95226473306,
    "r2_score": 0.7674424558853367
}
