step	mae
0	75610.88888657422
0	75610.88888657422
0	103374.08888242493
0	77973.11650064397
0	77973.11650064397
0	77783.66484059958
0	78452.16769174693
0	78452.16769174693
0	71278.30372868612
