step	mae
0	75610.88888657422
0	75610.88888657422
