step	mae
0	75610.88888657422
0	75610.88888657422
0	103374.08888242493
0	77973.11650064397
