step	r2_score
0	0.8524304504870348
0	0.8524304504870348
