step	r2_score
0	0.8524304504870348
0	0.8524304504870348
0	0.7674424558853367
0	0.8560178928403119
0	0.8560178928403119
0	0.8555818162705824
0	0.8539273816368469
0	0.8539273816368469
0	0.8688177188746184
