step	r2_score
0	0.8524304504870348
0	0.8524304504870348
0	0.7674424558853367
0	0.8560178928403119
