step	rmse
0	145911.58083900626
0	145911.58083900626
0	183170.95226473306
0	144127.10043485422
0	144127.10043485422
0	144345.193280426
0	145169.6380557777
0	145169.6380557777
0	137571.65954419086
