step	rmse
0	145911.58083900626
0	145911.58083900626
0	183170.95226473306
